0,642,995,81,in delivery
1,2389,729,61,cancelled
2,907,537,94,cancelled
3,244,801,84,fulfilled
4,600,1241,1,fulfilled
6,1746,1556,84,in delivery
7,1554,655,46,fulfilled
8,2291,1180,1,in delivery
9,1076,203,31,in delivery
10,410,79,72,in delivery
11,1426,1658,22,cancelled
12,349,1228,93,in delivery
13,583,1099,62,placed
14,1617,441,94,cancelled
15,1422,504,62,cancelled
17,2405,1632,5,in delivery
18,229,113,67,cancelled
19,1232,813,83,cancelled
20,2457,1367,70,placed
21,1273,417,95,cancelled
22,1077,1656,62,cancelled
23,2374,569,39,fulfilled
24,167,1307,5,in delivery
25,1724,348,60,cancelled
26,514,1483,36,placed
27,219,210,35,placed
28,1844,1305,57,fulfilled
29,1039,1706,73,placed
30,117,109,86,fulfilled
31,1407,1517,60,fulfilled
32,991,585,57,in delivery
33,1411,1078,93,in delivery
34,756,1702,66,cancelled
35,2230,568,50,in delivery
36,1374,14,21,fulfilled
37,36,141,69,fulfilled
38,554,1415,72,fulfilled
39,2234,1912,16,in delivery
40,693,896,84,in delivery
41,2411,1355,68,in delivery
42,638,610,31,fulfilled
43,2068,1025,69,in delivery
44,447,276,33,in delivery
45,2099,1022,84,in delivery
46,1751,1789,82,placed
47,1211,455,8,placed
49,1326,1917,6,placed
50,1361,24,97,placed
51,942,741,75,in delivery
52,1454,1591,23,placed
53,1420,331,32,placed
54,1710,1593,22,cancelled
55,815,471,82,cancelled
56,2121,7,74,fulfilled
57,67,752,72,in delivery
58,740,405,70,placed
59,502,304,94,in delivery
60,5,1655,41,placed
61,1500,504,23,in delivery
62,1655,1519,71,placed
63,1507,1745,4,cancelled
64,309,505,77,placed
65,1827,1361,89,placed
66,2129,62,90,in delivery
67,125,972,18,placed
69,1191,1896,28,fulfilled
70,1125,539,59,fulfilled
71,7,1455,43,placed
72,543,1372,2,fulfilled
73,194,1500,61,in delivery
74,1466,640,64,placed
75,605,312,40,fulfilled
76,1355,1760,28,fulfilled
77,1863,812,36,cancelled
78,999,118,4,in delivery
79,899,201,33,fulfilled
80,2017,696,84,in delivery
81,814,135,51,cancelled
82,1629,308,69,in delivery
83,1557,556,33,in delivery
84,999,678,29,fulfilled
85,795,1680,54,placed
87,2342,716,16,placed
88,253,333,27,placed
89,1241,293,16,in delivery
90,1201,256,0,cancelled
91,1640,835,24,in delivery
92,1355,1964,12,placed
93,1811,1773,56,placed
94,1205,645,32,placed
95,2057,1624,84,cancelled
96,182,1253,42,cancelled
97,815,1357,55,in delivery
98,32,1219,54,placed
99,1986,1548,77,placed
100,1435,1256,40,fulfilled
101,1718,1834,10,fulfilled
102,2312,209,60,placed
103,1118,1245,24,in delivery
104,1906,944,72,placed
105,2143,1966,20,fulfilled
106,923,299,49,fulfilled
107,1024,35,94,cancelled
108,1936,247,10,placed
109,871,1641,99,in delivery
110,1694,848,21,in delivery
111,834,860,35,in delivery
112,669,226,90,cancelled
113,2129,1301,84,cancelled
114,1431,903,45,in delivery
115,632,1730,64,in delivery
116,1059,1718,36,placed
117,1441,1484,56,cancelled
118,1249,490,66,in delivery
119,528,1340,17,placed
120,1403,1094,2,cancelled
121,1722,1254,48,cancelled
122,1440,707,21,placed
123,112,1595,2,in delivery
124,2126,1926,39,in delivery
125,1399,1560,5,cancelled
126,181,861,95,in delivery
127,2228,435,97,in delivery
128,794,1766,100,fulfilled
129,1401,1290,87,in delivery
130,2265,1659,0,in delivery
131,86,47,49,cancelled
132,692,1894,40,cancelled
133,2318,1412,91,fulfilled
134,419,1546,99,cancelled
135,266,1156,51,fulfilled
136,1852,322,59,in delivery
137,31,1788,55,placed
138,562,683,24,cancelled
139,179,132,41,in delivery
140,2497,242,72,fulfilled
141,287,1694,58,fulfilled
142,1971,221,93,in delivery
143,257,66,18,fulfilled
144,2176,570,6,placed
145,1307,1043,66,cancelled
146,1186,1029,97,in delivery
147,1579,1135,40,in delivery
148,1555,1707,38,cancelled
149,290,1569,44,fulfilled
150,387,647,49,placed
151,1266,282,46,cancelled
152,749,1456,56,cancelled
153,1240,1119,50,cancelled
154,1244,833,95,cancelled
155,1260,180,98,cancelled
156,1487,315,37,fulfilled
157,1429,1123,11,in delivery
158,1975,1737,72,fulfilled
159,810,186,65,cancelled
160,2090,417,40,placed
161,363,1869,56,in delivery
162,2322,790,4,placed
163,671,1162,42,in delivery
164,1769,1451,68,in delivery
165,2253,902,45,cancelled
166,1673,631,1,cancelled
167,1882,1906,53,placed
168,764,1095,18,placed
169,1617,1858,40,fulfilled
170,1153,386,48,placed
171,2337,798,86,in delivery
172,60,260,25,cancelled
173,751,64,84,cancelled
174,1292,1684,92,placed
175,381,556,37,cancelled
176,2242,627,53,placed
177,1267,1017,68,placed
178,467,1344,35,in delivery
179,2376,1293,0,cancelled
180,317,256,68,placed
181,933,1938,56,placed
182,1381,990,10,placed
183,1548,1200,92,placed
184,282,1337,100,fulfilled
185,1458,573,63,fulfilled
186,1120,659,74,cancelled
187,2297,1209,87,fulfilled
188,5,1255,9,fulfilled
189,1168,738,49,placed
190,1764,1543,78,in delivery
191,538,141,80,in delivery
192,1041,108,4,cancelled
193,1879,1347,46,cancelled
194,328,940,24,cancelled
195,34,1656,21,cancelled
196,8,626,13,fulfilled
197,928,1188,52,placed
198,1387,372,68,cancelled
199,1430,1962,26,in delivery
200,1102,1842,26,fulfilled
201,2200,73,45,in delivery
202,365,1331,59,fulfilled
203,669,855,63,cancelled
204,1379,1116,25,in delivery
205,490,1335,4,placed
206,761,1022,99,placed
207,866,74,14,placed
208,523,480,80,in delivery
209,1275,1512,5,placed
210,987,356,7,cancelled
211,1783,1628,39,placed
212,27,1064,53,in delivery
213,1765,872,64,in delivery
214,871,36,30,placed
215,561,1463,12,fulfilled
216,425,1180,66,placed
217,512,293,30,placed
218,705,1250,79,cancelled
219,887,773,8,fulfilled
220,1789,1781,18,in delivery
221,1630,1859,96,placed
223,796,1593,59,placed
224,1955,1243,7,fulfilled
225,2468,1707,0,fulfilled
226,1068,789,46,placed
227,1660,938,99,fulfilled
228,991,556,4,cancelled
229,211,613,12,fulfilled
230,2341,947,43,cancelled
231,1313,1840,100,fulfilled
232,416,97,5,fulfilled
233,1204,1648,10,in delivery
234,1127,1764,46,fulfilled
235,586,39,87,in delivery
236,1818,576,60,placed
237,999,679,97,cancelled
238,865,70,99,in delivery
239,508,760,40,in delivery
240,2300,456,58,fulfilled
241,694,1930,97,cancelled
242,1908,3,100,cancelled
243,2199,267,4,fulfilled
244,2279,884,10,in delivery
245,966,1651,55,placed
246,578,1149,62,placed
247,806,1995,16,fulfilled
248,2317,1645,34,cancelled
249,723,873,44,fulfilled
250,706,1601,14,cancelled
251,2186,390,52,in delivery
252,964,1670,59,in delivery
253,1933,565,59,cancelled
254,1168,564,95,placed
255,149,597,48,placed
256,651,1268,56,in delivery
257,2333,439,87,fulfilled
258,118,1244,52,in delivery
259,1462,350,70,fulfilled
260,2401,458,5,cancelled
261,1823,1823,26,fulfilled
262,740,1449,95,cancelled
263,1678,1419,90,in delivery
264,1074,1211,58,in delivery
265,226,756,9,cancelled
266,471,1272,78,cancelled
267,1704,746,89,in delivery
268,2245,1076,72,in delivery
269,224,1162,39,placed
270,2442,854,60,fulfilled
271,297,705,91,in delivery
272,237,1916,8,placed
273,595,145,8,fulfilled
274,875,842,74,placed
275,323,373,14,in delivery
276,333,1844,89,cancelled
277,216,1615,91,cancelled
278,2470,715,25,fulfilled
279,2387,1195,55,fulfilled
280,1941,1325,47,placed
281,2064,490,33,cancelled
282,2150,1304,75,in delivery
283,470,1851,85,in delivery
284,1010,1104,16,fulfilled
285,2397,1739,23,fulfilled
286,2277,901,79,in delivery
287,2322,140,8,cancelled
288,1560,922,46,in delivery
289,2148,532,16,in delivery
290,1447,1577,74,fulfilled
291,1313,1826,83,cancelled
292,1363,909,58,placed
293,1040,1787,68,in delivery
294,1255,232,40,fulfilled
295,160,206,81,fulfilled
296,177,871,9,cancelled
297,1922,613,40,in delivery
298,1069,22,41,in delivery
299,1707,1194,44,in delivery
300,1449,1847,72,cancelled
301,1150,1635,9,fulfilled
302,1259,6,78,fulfilled
303,697,709,83,cancelled
304,767,1219,90,in delivery
305,551,712,27,in delivery
306,355,465,11,in delivery
307,563,1282,56,in delivery
308,1495,124,52,placed
309,1330,1713,47,cancelled
311,1882,493,34,placed
312,634,1511,86,fulfilled
313,2399,1785,29,fulfilled
314,161,98,27,in delivery
315,68,101,67,in delivery
316,1160,1765,49,in delivery
317,360,556,52,placed
318,616,170,38,cancelled
319,1152,584,70,in delivery
320,1048,827,100,placed
321,1607,1103,43,in delivery
322,2295,845,12,fulfilled
323,1784,852,93,fulfilled
324,2162,812,13,cancelled
325,1376,1843,22,fulfilled
326,2288,1097,0,fulfilled
327,2374,1217,31,in delivery
328,596,494,82,cancelled
329,2492,1002,38,in delivery
330,939,529,51,fulfilled
331,176,515,57,in delivery
332,254,1032,14,fulfilled
333,637,1375,13,placed
334,1307,1405,24,placed
335,974,1787,3,fulfilled
336,1556,903,36,fulfilled
337,225,1447,6,in delivery
338,341,827,28,in delivery
339,2048,142,36,in delivery
340,1994,1185,74,fulfilled
341,2321,93,14,in delivery
342,1651,1166,98,cancelled
343,1041,1058,67,in delivery
344,1723,224,95,fulfilled
345,250,1177,50,cancelled
346,1986,742,61,placed
347,686,51,26,placed
348,936,1110,45,cancelled
349,2222,930,67,fulfilled
350,620,1019,58,placed
351,147,1257,96,fulfilled
352,342,467,76,in delivery
353,1646,1585,31,cancelled
354,699,146,78,in delivery
355,1711,490,49,placed
356,201,479,29,placed
357,198,1715,36,fulfilled
358,810,539,97,placed
359,300,388,27,in delivery
360,1773,1922,95,cancelled
361,2167,1147,54,cancelled
362,1528,434,89,cancelled
364,2421,267,42,placed
365,705,1950,15,cancelled
366,1189,804,89,fulfilled
367,1016,1745,29,fulfilled
368,294,1758,45,fulfilled
369,944,910,36,in delivery
370,1464,783,64,fulfilled
371,2045,315,65,placed
372,841,1427,59,fulfilled
373,1469,1434,17,fulfilled
374,1573,1437,72,in delivery
375,696,1612,34,in delivery
376,312,603,49,fulfilled
377,1199,1586,84,placed
378,587,280,83,cancelled
380,738,1044,32,in delivery
381,1651,549,87,cancelled
382,207,1667,39,placed
383,1340,927,14,placed
384,1232,1894,61,in delivery
385,1150,1229,24,placed
386,948,1367,75,in delivery
387,1294,1549,12,fulfilled
388,2028,1689,68,fulfilled
389,2206,1290,87,fulfilled
390,207,1856,77,cancelled
391,421,1938,9,placed
392,1933,1550,37,cancelled
393,926,1705,56,placed
394,2029,595,30,placed
395,2407,183,3,fulfilled
396,2368,1942,18,placed
397,914,196,12,fulfilled
398,947,1605,19,in delivery
399,1216,920,73,fulfilled
400,1982,674,7,placed
401,2401,38,39,in delivery
402,52,1173,52,in delivery
403,45,871,33,fulfilled
404,369,149,82,cancelled
405,1117,1709,46,cancelled
406,553,947,93,in delivery
407,589,928,95,placed
408,309,713,61,placed
409,575,1242,6,cancelled
410,2460,1667,99,placed
411,239,694,86,fulfilled
412,1467,1550,90,placed
413,2095,1438,79,in delivery
414,936,967,39,in delivery
415,1345,490,69,in delivery
416,1814,408,70,fulfilled
417,969,1147,68,cancelled
418,175,1393,16,cancelled
419,398,1447,40,fulfilled
420,1877,16,42,fulfilled
421,1404,663,80,in delivery
422,2110,1708,48,fulfilled
423,26,1161,94,placed
424,2050,285,92,in delivery
425,664,581,41,fulfilled
426,1114,1992,32,in delivery
427,338,744,19,cancelled
428,671,1959,80,placed
429,345,1791,80,in delivery
430,113,1945,21,cancelled
432,1523,89,13,cancelled
433,488,1865,9,in delivery
434,314,1683,69,placed
435,800,950,19,placed
436,496,813,20,cancelled
437,1334,16,42,fulfilled
438,1875,1292,10,placed
439,1446,243,47,placed
440,948,1694,74,fulfilled
441,1369,1576,80,cancelled
442,1563,1910,43,placed
443,2063,587,20,in delivery
444,2202,1689,6,in delivery
445,568,28,45,placed
446,2471,739,27,in delivery
447,1231,1078,3,cancelled
448,2488,231,85,in delivery
449,1581,860,43,in delivery
450,538,382,85,fulfilled
451,1411,154,50,placed
452,1086,439,60,in delivery
453,1507,322,98,placed
454,68,936,96,in delivery
455,2026,1335,83,fulfilled
456,1740,1185,4,in delivery
457,2014,1236,42,in delivery
458,2064,1173,84,fulfilled
459,2273,1247,39,in delivery
460,159,1616,15,cancelled
461,609,396,3,cancelled
462,1502,14,99,cancelled
463,683,1027,37,in delivery
464,1976,157,83,cancelled
465,1698,1954,9,placed
466,603,1573,12,cancelled
467,1990,1608,88,cancelled
468,1944,1443,80,cancelled
469,2008,355,94,placed
470,281,1566,68,in delivery
471,1049,867,13,fulfilled
472,22,295,42,cancelled
473,1958,299,92,cancelled
474,21,1321,100,fulfilled
475,1956,1165,52,placed
476,946,901,86,cancelled
477,2344,1481,30,placed
478,2423,1028,89,in delivery
479,1317,96,55,placed
480,1558,1715,30,placed
481,2033,1884,31,in delivery
482,1101,1771,7,in delivery
483,1724,544,26,in delivery
484,1177,1962,34,fulfilled
485,2487,736,64,in delivery
486,1700,326,41,in delivery
487,494,42,54,cancelled
488,1276,1765,25,in delivery
489,2253,1649,31,fulfilled
490,254,976,15,in delivery
491,2168,863,70,placed
492,1947,646,46,fulfilled
493,102,70,8,placed
494,498,1914,11,in delivery
495,833,1039,87,cancelled
496,1223,82,72,placed
497,1243,658,29,placed
498,437,43,90,in delivery
499,449,1912,65,in delivery
500,2003,1633,78,placed
501,162,295,46,in delivery
502,1837,1653,53,in delivery
503,1146,750,31,in delivery
504,596,1777,38,cancelled
505,1226,1118,43,cancelled
506,690,1663,29,placed
507,2057,1858,57,in delivery
508,418,1505,64,placed
509,1425,1488,35,placed
510,4,568,95,placed
511,1854,1879,70,fulfilled
512,1095,1443,34,in delivery
513,1752,1017,31,placed
514,615,1290,17,fulfilled
515,802,81,50,placed
516,1418,1186,29,in delivery
517,423,783,80,in delivery
518,1234,1821,47,in delivery
519,1235,877,73,in delivery
520,1357,1592,68,fulfilled
521,2280,1594,35,fulfilled
522,1710,1702,48,in delivery
523,1227,1940,51,placed
524,1574,501,31,placed
525,204,1666,25,in delivery
526,477,1050,64,placed
527,1493,310,72,cancelled
529,757,1137,88,cancelled
530,1142,1766,14,in delivery
531,1950,5,25,in delivery
532,2197,1153,89,in delivery
533,1063,1068,40,cancelled
534,1350,124,10,cancelled
535,1134,1384,55,cancelled
536,1992,498,77,cancelled
537,351,1841,3,placed
538,708,1506,10,cancelled
539,1855,1716,58,fulfilled
540,1966,875,33,cancelled
541,438,1924,85,cancelled
542,2378,1433,87,in delivery
543,1922,910,15,in delivery
544,291,260,70,fulfilled
545,462,1728,9,fulfilled
546,11,1653,91,placed
547,556,184,10,placed
548,1571,1511,6,fulfilled
549,759,256,72,cancelled
550,2017,223,73,fulfilled
551,1833,145,39,placed
552,2425,1625,58,fulfilled
553,695,1195,36,fulfilled
554,1537,132,73,placed
555,1670,773,12,placed
556,1837,945,24,fulfilled
557,430,251,8,in delivery
558,115,578,53,placed
559,1023,628,58,in delivery
560,2064,917,5,in delivery
561,1011,1208,58,in delivery
562,779,1165,15,in delivery
563,1804,1038,86,cancelled
565,1410,792,61,in delivery
566,1302,880,0,in delivery
567,445,840,74,fulfilled
568,1187,89,23,fulfilled
569,673,579,38,in delivery
570,1372,441,26,fulfilled
571,2222,726,16,in delivery
572,794,129,80,cancelled
573,260,1224,99,fulfilled
574,938,596,37,in delivery
575,928,136,94,cancelled
576,231,1143,64,fulfilled
577,1810,1995,21,cancelled
578,1455,243,16,in delivery
579,1289,1567,44,in delivery
580,784,1750,3,in delivery
581,94,83,33,cancelled
582,820,64,93,in delivery
583,466,1653,99,in delivery
584,256,1343,2,fulfilled
585,453,823,11,in delivery
586,82,1076,16,fulfilled
587,85,1139,72,in delivery
588,477,1258,5,placed
589,1854,1879,28,in delivery
590,2435,978,60,placed
591,404,246,83,in delivery
592,926,377,10,cancelled
593,1514,1497,84,fulfilled
594,983,1777,64,in delivery
595,1670,35,47,in delivery
596,1420,209,15,in delivery
597,259,472,16,placed
598,2206,411,46,fulfilled
599,2326,749,88,cancelled
600,132,1114,10,fulfilled
601,973,1421,97,placed
602,1017,1670,49,in delivery
603,1453,1103,18,cancelled
604,1239,1314,53,cancelled
605,619,1767,39,fulfilled
606,650,93,47,fulfilled
607,1145,1623,36,placed
608,448,1082,7,placed
609,2201,376,91,placed
610,1555,1221,91,placed
611,1514,1872,52,in delivery
612,422,1941,68,placed
613,1345,1683,81,fulfilled
614,432,1288,99,placed
615,1399,1035,24,in delivery
616,1228,1210,93,fulfilled
617,1180,1683,45,in delivery
618,1832,570,99,fulfilled
619,366,1902,24,cancelled
620,1862,137,12,placed
621,2417,1950,16,fulfilled
622,737,125,72,cancelled
623,508,1340,19,cancelled
624,390,1782,63,placed
625,1854,1782,12,cancelled
626,1333,1280,19,placed
627,2399,164,19,in delivery
628,668,376,76,cancelled
629,813,377,25,fulfilled
630,2065,1878,39,cancelled
631,924,249,20,placed
632,2175,1136,61,in delivery
633,439,558,24,fulfilled
634,1681,1471,83,cancelled
635,646,1352,59,placed
636,2044,1153,45,fulfilled
637,492,901,15,placed
638,1716,236,30,cancelled
639,1886,1835,9,in delivery
640,1747,673,57,in delivery
641,2407,1939,96,placed
642,1760,1547,28,in delivery
643,247,1266,69,cancelled
644,2286,327,19,placed
645,349,1074,91,cancelled
646,1636,1075,19,cancelled
647,695,1168,87,placed
648,282,1590,36,in delivery
649,2237,714,13,cancelled
650,1542,1943,94,placed
651,698,1565,94,in delivery
652,851,1822,20,cancelled
653,1651,1899,27,cancelled
654,115,1358,75,placed
655,292,1243,92,in delivery
656,1659,1021,55,in delivery
657,227,1574,21,in delivery
658,969,1123,57,in delivery
660,557,404,9,placed
661,1818,1593,50,placed
662,161,1682,88,in delivery
663,1010,1013,19,in delivery
664,915,1543,12,placed
665,826,1603,58,fulfilled
666,1276,938,97,in delivery
667,29,1750,29,fulfilled
668,2324,1153,9,placed
669,2130,126,83,cancelled
670,2436,381,9,in delivery
671,2151,67,54,in delivery
672,1320,1291,48,in delivery
674,2214,542,52,placed
675,2079,1796,41,in delivery
676,2013,1521,93,fulfilled
677,511,1830,95,cancelled
678,923,1901,43,placed
679,2011,242,31,cancelled
680,769,1604,9,placed
681,1288,107,58,placed
682,1394,508,44,in delivery
683,294,1210,24,in delivery
684,2058,1378,21,fulfilled
685,1287,1486,52,placed
686,1892,1133,18,fulfilled
687,1931,263,74,in delivery
688,1438,774,12,in delivery
689,1365,1940,36,cancelled
690,839,1427,53,cancelled
691,182,538,92,placed
692,2246,405,27,fulfilled
693,2471,1730,39,cancelled
694,2021,666,86,in delivery
695,1945,95,50,fulfilled
696,1310,273,97,in delivery
697,706,1185,30,fulfilled
698,553,708,75,fulfilled
699,1163,1225,67,cancelled
700,597,219,53,placed
701,1414,1296,82,fulfilled
702,1403,85,22,placed
703,1230,193,69,cancelled
704,448,1702,55,placed
705,1965,1335,49,fulfilled
706,1598,588,13,placed
707,1475,1636,17,in delivery
708,2142,1186,7,in delivery
709,2223,1301,29,placed
710,146,610,11,in delivery
711,1105,843,26,cancelled
712,1765,1609,6,fulfilled
713,1953,1956,30,in delivery
714,498,1495,64,cancelled
715,2241,1546,65,cancelled
716,1222,638,64,fulfilled
717,1636,1524,46,in delivery
719,718,1080,34,cancelled
720,1335,544,25,cancelled
721,54,83,28,cancelled
722,2175,1765,46,fulfilled
723,2056,491,37,placed
724,431,499,60,placed
725,2375,1116,62,placed
726,1847,86,96,in delivery
727,1133,1956,18,in delivery
728,2383,1431,99,cancelled
729,2113,1536,42,cancelled
730,931,1587,59,fulfilled
731,74,55,46,fulfilled
732,107,736,25,fulfilled
733,1672,963,64,placed
734,705,1471,93,placed
735,575,904,53,fulfilled
736,157,1283,82,fulfilled
737,977,510,58,placed
738,1398,267,64,cancelled
739,995,328,48,fulfilled
740,1305,1287,52,in delivery
741,1253,1362,44,cancelled
743,2349,471,17,fulfilled
744,1899,227,22,cancelled
745,1143,813,19,placed
746,965,717,10,in delivery
747,2383,992,68,in delivery
748,610,1743,91,fulfilled
749,1090,63,58,in delivery
750,2263,1301,58,placed
751,2305,1456,73,in delivery
752,2477,605,31,fulfilled
753,1580,1976,16,cancelled
754,1476,1676,53,cancelled
755,2354,1774,95,placed
756,1424,325,96,fulfilled
757,1771,1157,62,fulfilled
758,307,1833,54,cancelled
759,1129,632,12,cancelled
760,1270,1678,84,cancelled
761,1370,1737,71,cancelled
762,2189,295,7,placed
763,971,1556,28,cancelled
764,2387,1275,68,in delivery
765,2287,1723,74,in delivery
766,182,867,4,fulfilled
767,2244,190,14,in delivery
768,780,1380,69,placed
769,451,545,27,fulfilled
770,1966,1332,79,placed
771,681,109,0,cancelled
772,564,300,22,in delivery
773,1198,509,75,placed
774,1633,1449,19,placed
775,300,1602,51,cancelled
776,174,605,9,cancelled
777,1844,289,39,in delivery
778,1944,1315,45,in delivery
779,1207,1314,81,in delivery
780,823,668,33,cancelled
781,2484,828,14,fulfilled
782,1623,1555,8,fulfilled
783,2291,132,2,fulfilled
784,1021,266,37,placed
785,1769,213,88,in delivery
786,1121,200,86,placed
787,1894,1834,80,fulfilled
788,2296,1691,8,fulfilled
789,74,731,78,placed
790,22,97,26,fulfilled
791,1789,285,31,fulfilled
792,1886,145,86,cancelled
793,2359,811,80,cancelled
794,453,541,46,placed
795,852,1086,36,fulfilled
796,1661,202,10,in delivery
797,794,643,70,in delivery
798,750,842,32,fulfilled
800,2382,361,40,placed
801,897,644,86,placed
802,1537,1538,48,placed
803,442,1599,57,cancelled
804,776,828,57,placed
805,2110,1845,92,cancelled
806,821,673,60,cancelled
807,2427,1062,88,placed
808,219,511,31,placed
809,470,1018,44,fulfilled
810,174,653,26,in delivery
811,1727,1283,2,fulfilled
812,1970,1359,91,in delivery
813,1346,902,4,fulfilled
814,444,1157,16,fulfilled
815,1579,1763,36,fulfilled
816,868,635,47,fulfilled
817,1997,730,93,in delivery
818,1247,487,41,placed
819,2477,207,8,cancelled
820,457,1710,50,cancelled
821,475,1235,24,placed
822,659,693,51,fulfilled
823,921,187,90,cancelled
824,1038,1664,82,in delivery
825,1051,123,80,placed
826,1840,1151,58,in delivery
827,2253,1950,96,in delivery
828,475,1655,84,in delivery
829,1525,765,84,in delivery
830,1985,1585,57,fulfilled
831,589,1098,50,cancelled
832,112,1118,92,cancelled
833,1350,167,18,in delivery
834,1905,669,57,cancelled
835,2439,681,36,fulfilled
836,1975,1085,52,cancelled
837,1194,1312,40,fulfilled
838,1344,543,59,cancelled
839,1682,1022,19,fulfilled
840,2241,1213,44,placed
841,1119,221,94,placed
842,1241,9,31,in delivery
843,894,1371,2,fulfilled
844,2485,154,19,fulfilled
845,1180,928,76,fulfilled
846,1804,770,63,fulfilled
847,468,1238,56,cancelled
848,846,1270,41,in delivery
849,2363,1270,0,in delivery
850,75,21,79,cancelled
851,1189,574,66,in delivery
852,673,1462,0,fulfilled
853,256,1928,58,cancelled
854,569,1061,26,cancelled
855,2103,1046,66,placed
856,369,157,59,cancelled
857,2064,1812,87,fulfilled
858,729,1796,14,placed
859,1716,1038,51,fulfilled
860,468,1486,44,placed
861,1125,676,44,placed
862,2080,405,62,in delivery
863,671,1673,46,placed
864,182,1601,37,in delivery
865,931,661,10,in delivery
866,1626,1448,20,in delivery
867,1322,743,31,placed
868,2461,607,26,cancelled
869,1482,397,75,in delivery
870,663,1254,67,cancelled
871,210,249,23,in delivery
872,2337,1055,84,fulfilled
873,1832,769,2,cancelled
874,594,1514,60,in delivery
875,801,1295,81,cancelled
876,1042,51,27,in delivery
877,1793,630,31,in delivery
878,898,242,67,cancelled
879,485,124,89,placed
880,1385,621,79,fulfilled
881,2403,341,49,in delivery
882,316,1076,76,placed
883,1560,1212,40,placed
884,900,1974,42,in delivery
885,719,1186,51,cancelled
886,1519,304,96,fulfilled
887,1628,1794,90,placed
888,409,952,55,in delivery
889,2132,1648,46,fulfilled
890,1038,1066,34,cancelled
891,115,1735,98,fulfilled
892,2383,234,60,in delivery
893,1151,1654,7,fulfilled
894,2469,1824,87,fulfilled
895,2181,569,99,fulfilled
896,844,1561,75,placed
897,2279,506,42,cancelled
898,2479,487,45,fulfilled
899,713,514,60,fulfilled
900,851,1620,33,placed
901,1365,599,7,in delivery
902,1307,1088,25,in delivery
903,1235,1296,41,in delivery
904,1365,217,88,in delivery
905,2302,1225,9,placed
906,1652,1086,87,fulfilled
907,1663,957,82,cancelled
908,556,1289,4,fulfilled
909,605,1456,16,cancelled
910,204,1298,93,in delivery
911,1529,2,13,cancelled
912,2085,22,89,cancelled
913,914,1498,93,placed
914,1644,436,70,fulfilled
915,1845,1894,11,cancelled
916,603,1081,1,in delivery
917,491,384,78,placed
918,1795,1952,35,in delivery
919,1628,946,94,placed
920,566,1280,37,cancelled
921,1263,1818,65,fulfilled
923,1435,1767,21,placed
924,221,552,65,placed
925,1018,743,47,fulfilled
926,1728,1078,11,in delivery
927,2166,488,70,placed
928,60,94,30,placed
929,1402,31,22,cancelled
930,101,1534,81,in delivery
931,1973,188,93,placed
932,541,1929,51,placed
933,1081,373,65,placed
934,1368,771,41,in delivery
935,2136,744,28,placed
936,2232,1186,87,cancelled
937,1787,794,90,fulfilled
938,1756,631,83,fulfilled
939,490,334,41,fulfilled
941,167,741,9,cancelled
942,2155,574,85,in delivery
943,84,1984,75,placed
944,2187,566,85,cancelled
945,134,596,51,fulfilled
946,1096,1842,3,fulfilled
947,1114,721,44,placed
948,1202,1513,76,fulfilled
949,1733,151,62,fulfilled
950,1758,630,42,placed
951,108,394,52,fulfilled
952,1158,371,60,cancelled
953,983,1844,19,placed
954,1269,1535,66,fulfilled
955,1401,1805,50,placed
956,1060,83,10,cancelled
957,2218,290,14,fulfilled
958,600,1138,41,fulfilled
959,1873,1657,73,in delivery
960,2319,484,93,cancelled
961,1874,418,54,placed
962,1527,498,33,cancelled
963,581,1188,1,cancelled
964,274,1986,85,placed
965,2424,690,50,cancelled
966,899,1701,63,in delivery
967,562,91,82,placed
968,69,715,83,in delivery
969,1685,1560,28,cancelled
970,1963,1642,100,fulfilled
971,1488,332,15,fulfilled
972,2255,1593,58,cancelled
973,867,1791,40,cancelled
974,1803,1477,51,in delivery
975,1933,1853,98,in delivery
976,1944,656,74,in delivery
977,1545,1936,15,in delivery
978,2464,1972,60,placed
979,920,1996,91,cancelled
980,1491,265,37,placed
982,2277,1104,66,fulfilled
983,1445,1205,41,in delivery
984,2334,919,2,cancelled
985,1422,1304,54,in delivery
986,1412,1355,90,placed
987,20,626,95,in delivery
988,1859,1250,85,in delivery
989,750,1942,33,fulfilled
990,2153,1373,37,placed
991,1313,1937,100,placed
992,1187,412,4,fulfilled
993,1103,196,1,placed
994,2136,1143,100,placed
995,321,1038,21,fulfilled
996,104,510,35,cancelled
997,1651,542,34,fulfilled
998,631,242,27,cancelled
999,387,1300,28,cancelled
1000,402,973,63,in delivery
1001,1508,661,3,placed
1002,1241,76,20,cancelled
1003,885,1017,20,cancelled
1004,1681,592,47,fulfilled
1005,1011,58,64,fulfilled
1006,2498,1765,9,in delivery
1007,1811,134,30,in delivery
1008,511,1236,72,in delivery
1009,1391,607,34,placed
1010,97,789,61,cancelled
1011,2498,194,26,in delivery
1012,1646,1331,15,in delivery
1013,123,1222,39,cancelled
1014,1682,1796,48,cancelled
1015,1107,486,37,in delivery
1017,644,328,13,in delivery
1018,546,466,23,placed
1019,1307,993,65,in delivery
1020,2350,1981,3,placed
1021,1232,1181,64,placed
1022,1372,1625,70,placed
1023,64,618,16,in delivery
1024,2230,1374,66,fulfilled
1025,1966,432,87,in delivery
1026,1479,1059,55,in delivery
1027,168,826,23,in delivery
1028,1321,139,43,fulfilled
1029,1694,826,30,cancelled
1030,993,1626,89,cancelled
1031,1377,644,32,cancelled
1032,70,1989,76,in delivery
1033,2171,308,44,in delivery
1034,1019,403,64,placed
1035,127,1680,17,fulfilled
1036,1894,977,64,placed
1037,1824,637,80,fulfilled
1038,1252,1869,27,cancelled
1039,2115,1834,49,cancelled
1040,1762,1400,97,in delivery
1041,1078,412,55,fulfilled
1042,1996,136,73,cancelled
1043,506,1752,85,cancelled
1044,357,296,49,cancelled
1045,1774,658,49,cancelled
1046,261,752,2,in delivery
1047,736,484,95,cancelled
1048,1315,1869,0,cancelled
1049,2493,733,78,in delivery
1050,782,1121,62,cancelled
1051,692,1881,38,fulfilled
1052,1645,1110,2,in delivery
1053,650,1980,39,placed
1054,1201,22,4,in delivery
1055,528,954,8,cancelled
1056,669,961,51,cancelled
1057,2345,1068,31,fulfilled
1058,2476,904,23,placed
1059,213,1765,59,placed
1061,297,1890,16,in delivery
1062,2062,67,15,cancelled
1063,1074,1264,55,placed
1064,954,285,95,cancelled
1067,1685,1951,4,in delivery
1068,287,1989,49,in delivery
1069,615,1364,72,placed
1070,2147,968,35,fulfilled
1071,1028,239,20,cancelled
1072,88,1859,54,in delivery
1073,176,755,4,placed
1074,2337,363,61,placed
1075,382,1071,93,cancelled
1076,2189,784,85,placed
1077,927,1030,100,fulfilled
1078,193,554,44,cancelled
1079,2186,1114,65,cancelled
1080,988,958,40,in delivery
1081,631,917,95,fulfilled
1082,407,1751,90,cancelled
1083,267,951,1,placed
1084,1459,947,78,in delivery
1085,405,691,95,cancelled
1086,911,183,73,fulfilled
1087,613,1483,85,placed
1088,1044,800,1,placed
1089,1269,312,74,cancelled
1090,1659,889,5,cancelled
1091,279,368,41,fulfilled
1092,99,937,79,in delivery
1093,791,1364,33,cancelled
1094,365,1004,87,placed
1095,1085,151,97,fulfilled
1096,34,1492,17,fulfilled
1097,1606,1148,23,in delivery
1098,838,1622,17,in delivery
1099,950,499,66,cancelled
1100,1589,209,55,in delivery
1101,1278,1479,19,fulfilled
1102,1053,801,38,cancelled
1103,2218,1677,31,in delivery
1104,639,610,48,placed
1105,2250,1262,56,fulfilled
1106,971,0,67,in delivery
1107,176,582,3,cancelled
1108,434,1426,100,placed
1109,555,1656,13,fulfilled
1110,460,941,7,fulfilled
1111,806,237,64,fulfilled
1112,730,380,1,cancelled
1113,1829,1431,35,in delivery
1114,1177,768,9,fulfilled
1115,1855,949,83,placed
1116,57,123,7,fulfilled
1117,2315,151,17,fulfilled
1118,679,232,36,fulfilled
1119,1453,51,54,fulfilled
1120,116,1555,73,in delivery
1121,2382,1434,72,fulfilled
1122,1462,634,95,fulfilled
1123,827,1638,19,in delivery
1124,2386,748,63,cancelled
1125,2255,1869,25,placed
1126,942,98,100,placed
1127,1119,256,97,cancelled
1128,152,1378,54,fulfilled
1129,515,554,23,in delivery
1130,225,409,10,placed
1131,2327,1168,40,cancelled
1132,1614,501,40,in delivery
1133,1874,243,86,placed
1134,956,1912,21,in delivery
1135,1016,833,23,fulfilled
1136,1751,1644,61,in delivery
1137,1983,707,59,cancelled
1138,2313,1302,27,in delivery
1139,1242,139,16,cancelled
1140,1225,957,72,in delivery
1141,998,510,29,in delivery
1142,1262,598,85,fulfilled
1143,1675,500,55,cancelled
1144,1761,476,19,in delivery
1145,947,1567,54,placed
1146,645,855,56,in delivery
1147,227,1115,18,cancelled
1148,528,989,42,in delivery
1149,1134,689,89,placed
1150,2075,1360,37,fulfilled
1151,947,1916,0,placed
1152,841,1273,35,in delivery
1153,1622,1143,73,placed
1154,119,335,59,in delivery
1155,30,793,21,fulfilled
1156,421,1574,53,placed
1157,361,867,14,fulfilled
1158,2457,1434,11,fulfilled
1159,1685,1249,47,fulfilled
1160,1063,966,14,in delivery
1161,783,1158,19,cancelled
1162,1682,238,98,cancelled
1163,1167,815,54,placed
1164,1554,1497,80,in delivery
1165,954,19,25,in delivery
1166,962,1818,54,cancelled
1167,854,1259,24,placed
1168,766,476,8,in delivery
1169,1678,1059,33,in delivery
1170,1141,600,50,in delivery
1171,2401,642,34,in delivery
1172,1502,1824,34,in delivery
1173,130,406,53,cancelled
1174,2069,1067,33,in delivery
1175,1128,255,28,fulfilled
1177,1254,1914,95,cancelled
1178,700,580,61,fulfilled
1179,1923,148,58,in delivery
1180,186,1405,37,fulfilled
1181,1198,646,73,in delivery
1182,1027,1549,14,fulfilled
1183,281,398,41,placed
1184,854,397,35,placed
1185,1513,598,85,placed
1186,658,779,77,placed
1187,173,26,85,in delivery
1188,127,1101,34,fulfilled
1189,1273,904,46,in delivery
1190,2277,932,77,in delivery
1191,783,922,71,in delivery
1192,43,1917,15,fulfilled
1193,1466,1893,77,placed
1194,651,1559,12,placed
1195,1645,314,65,fulfilled
1196,717,648,98,fulfilled
1197,709,922,79,in delivery
1198,2394,302,28,in delivery
1199,1057,856,71,cancelled
1200,92,1882,72,cancelled
1201,494,1269,94,cancelled
1202,2063,1513,20,in delivery
1203,2104,1114,55,placed
1204,2139,1568,27,fulfilled
1205,95,1777,57,in delivery
1207,1605,661,66,in delivery
1208,302,1392,76,fulfilled
1209,2333,1583,57,placed
1210,2472,1968,72,fulfilled
1211,385,1043,23,in delivery
1212,171,1841,79,placed
1213,744,213,72,cancelled
1214,1615,1728,66,in delivery
1215,828,605,60,in delivery
1216,814,1212,96,cancelled
1217,2439,787,32,placed
1218,1482,942,18,in delivery
1219,1915,1300,73,placed
1220,1578,468,44,in delivery
1221,1343,68,8,fulfilled
1222,905,594,45,placed
1223,1862,218,35,cancelled
1224,984,185,41,cancelled
1225,60,1252,50,cancelled
1226,833,203,77,placed
1227,2058,1818,70,in delivery
1228,59,1669,1,in delivery
1229,2149,279,32,placed
1230,2023,1073,1,in delivery
1231,1494,632,55,placed
1232,2401,188,91,cancelled
1233,1151,183,32,placed
1234,994,289,82,fulfilled
1235,1627,1995,81,fulfilled
1236,1800,1562,3,cancelled
1237,47,516,51,cancelled
1238,1713,924,71,fulfilled
1239,1855,433,4,placed
1240,1245,1764,90,cancelled
1241,1881,1062,100,in delivery
1242,695,1036,61,in delivery
1243,459,1419,32,fulfilled
1244,1856,785,31,in delivery
1246,1064,740,86,fulfilled
1247,2284,1833,39,placed
1248,263,1916,64,placed
1249,433,182,74,placed
1250,861,1609,50,fulfilled
1251,2377,821,22,fulfilled
1252,1532,14,33,placed
1253,92,1964,98,fulfilled
1254,84,1639,90,in delivery
1255,301,1709,34,cancelled
1256,1245,607,61,fulfilled
1257,363,983,10,cancelled
1258,758,1657,10,cancelled
1259,461,333,97,cancelled
1260,371,1671,2,placed
1261,1049,835,19,fulfilled
1262,56,1919,7,fulfilled
1263,335,1805,64,fulfilled
1264,1759,38,81,cancelled
1265,1449,197,75,in delivery
1266,284,1563,11,placed
1267,90,19,57,cancelled
1268,1005,748,71,in delivery
1269,2466,572,83,fulfilled
1270,541,819,86,in delivery
1271,893,1122,50,cancelled
1272,2297,791,75,cancelled
1273,818,497,23,fulfilled
1274,747,1823,51,in delivery
1275,2445,392,92,cancelled
1276,377,338,55,cancelled
1277,1867,1300,10,placed
1278,626,1176,79,placed
1279,2360,623,1,cancelled
1280,1142,97,58,cancelled
1281,2472,197,86,placed
1282,1500,1313,70,fulfilled
1283,15,1602,92,placed
1284,2328,1691,7,cancelled
1285,2002,29,67,fulfilled
1287,1680,379,19,cancelled
1288,1948,1133,64,cancelled
1289,392,354,69,cancelled
1290,433,1338,9,placed
1291,1622,419,77,in delivery
1292,1228,1261,19,placed
1293,732,1653,24,in delivery
1294,428,1897,82,fulfilled
1295,1515,605,98,fulfilled
1296,2462,1907,33,fulfilled
1297,1418,412,64,placed
1298,2262,586,31,in delivery
1299,1082,109,7,placed
1300,2100,570,17,placed
1301,1455,172,8,fulfilled
1302,1090,102,0,cancelled
1303,1110,646,30,cancelled
1304,1582,1401,49,in delivery
1305,738,593,58,placed
1306,2319,494,11,placed
1307,430,463,87,fulfilled
1308,2180,1075,37,fulfilled
1309,1662,1154,74,fulfilled
1310,818,1105,2,cancelled
1311,1390,1775,69,in delivery
1312,57,711,55,cancelled
1313,19,1797,47,cancelled
1314,2322,42,0,placed
1315,131,985,46,fulfilled
1316,8,1750,39,fulfilled
1317,1945,1059,90,placed
1318,1242,459,36,cancelled
1319,72,233,96,fulfilled
1320,594,829,65,fulfilled
1321,1943,1907,79,fulfilled
1322,2322,238,36,fulfilled
1323,233,1618,67,in delivery
1324,1616,948,9,in delivery
1325,2226,890,11,in delivery
1326,1398,1395,55,placed
1327,1350,1454,85,placed
1328,2144,1700,75,in delivery
1329,2481,142,87,placed
1330,1563,1616,30,fulfilled
1331,1677,848,43,cancelled
1332,2402,500,22,placed
1333,1627,1220,27,cancelled
1335,248,320,69,cancelled
1336,1471,1743,48,placed
1337,511,128,63,placed
1338,288,986,15,cancelled
1339,1599,1635,53,placed
1340,296,1087,98,fulfilled
1342,220,1303,74,placed
1343,861,472,34,cancelled
1344,1438,1404,33,placed
1345,644,33,65,fulfilled
1346,2126,1072,59,fulfilled
1347,1862,810,30,cancelled
1348,588,1599,14,in delivery
1349,885,117,56,in delivery
1350,842,814,50,fulfilled
1351,1260,1841,52,cancelled
1352,2372,540,37,fulfilled
1353,974,179,60,fulfilled
1354,864,149,77,in delivery
1355,2042,1530,74,cancelled
1356,1545,1663,26,fulfilled
1357,512,70,32,fulfilled
1358,1565,1286,5,in delivery
1359,1386,1516,92,in delivery
1360,1823,186,6,placed
1361,1188,1836,26,placed
1362,1429,338,99,in delivery
1363,114,1637,90,in delivery
1364,1494,714,71,fulfilled
1365,1792,579,96,placed
1366,103,1088,75,in delivery
1367,1420,1731,43,fulfilled
1368,1079,1976,97,placed
1369,24,1871,44,placed
1370,506,102,23,in delivery
1371,149,1045,26,cancelled
1372,2133,1162,32,placed
1373,320,1977,79,cancelled
1374,988,489,98,fulfilled
1375,2245,514,94,cancelled
1376,2306,256,63,in delivery
1377,1953,1881,58,cancelled
1378,1621,231,31,cancelled
1379,236,1337,26,in delivery
1380,1506,901,42,placed
1381,917,765,82,placed
1382,1595,1023,66,fulfilled
1383,1580,1686,34,in delivery
1384,2161,34,28,placed
1385,1671,53,62,placed
1386,672,1370,17,fulfilled
1387,167,1210,60,cancelled
1388,2274,11,14,placed
1389,860,540,81,cancelled
1390,1701,335,30,placed
1391,106,940,48,placed
1392,771,1710,3,placed
1393,2142,1847,42,cancelled
1394,2177,89,34,cancelled
1395,518,988,15,in delivery
1396,1548,1856,68,fulfilled
1397,704,1870,76,cancelled
1398,2457,1345,19,cancelled
1399,229,1565,74,fulfilled
1400,1415,67,48,fulfilled
1401,2201,1317,71,in delivery
1402,725,148,1,cancelled
1403,2490,934,73,cancelled
1404,1697,1679,21,placed
1405,181,165,0,fulfilled
1406,1911,896,12,in delivery
1407,78,680,47,fulfilled
1408,1425,1120,3,placed
1409,846,529,30,fulfilled
1410,1873,213,53,cancelled
1411,1925,1697,37,cancelled
1412,445,799,41,in delivery
1413,838,800,46,fulfilled
1414,1548,911,96,fulfilled
1415,826,49,26,placed
1416,192,806,6,fulfilled
1417,1040,998,79,placed
1418,320,1181,8,cancelled
1419,5,1820,94,placed
1420,1951,484,38,cancelled
1421,1625,754,69,fulfilled
1422,604,234,43,placed
1423,510,88,68,in delivery
1424,2153,982,21,in delivery
1425,543,1250,13,fulfilled
1426,1133,1178,86,fulfilled
1427,2347,125,72,cancelled
1428,133,220,100,in delivery
1429,358,773,10,in delivery
1430,84,23,32,cancelled
1431,2247,1125,55,in delivery
1432,811,138,95,placed
1433,1014,1258,50,placed
1434,427,230,12,in delivery
1435,1070,18,77,fulfilled
1436,1152,706,59,placed
1437,2091,1369,33,cancelled
1438,648,1644,95,in delivery
1439,2000,1472,79,placed
1441,256,1937,95,cancelled
1442,43,1350,37,cancelled
1443,1895,536,98,fulfilled
1444,137,479,53,cancelled
1445,311,1022,38,placed
1446,1580,1937,60,cancelled
1447,324,1359,16,in delivery
1448,1117,1819,70,cancelled
1449,2390,1335,53,fulfilled
1450,1572,1215,12,cancelled
1451,2303,1573,90,placed
1452,265,133,79,cancelled
1453,120,147,45,fulfilled
1454,508,1656,74,in delivery
1455,1249,58,25,fulfilled
1456,2183,811,25,placed
1457,473,435,78,in delivery
1458,683,1671,14,fulfilled
1459,2374,1392,12,fulfilled
1460,2013,111,39,cancelled
1461,1023,1192,60,placed
1462,2349,1213,63,fulfilled
1463,2116,924,8,cancelled
1464,1639,715,46,cancelled
1465,1843,1925,82,in delivery
1466,248,1413,20,placed
1467,726,781,36,cancelled
1468,78,1204,32,placed
1469,1730,137,20,placed
1470,956,1398,13,fulfilled
1471,997,132,64,cancelled
1472,848,745,70,cancelled
1473,400,332,12,in delivery
1474,1613,16,32,fulfilled
1475,2226,1996,16,placed
1476,83,979,47,cancelled
1477,1228,1173,85,placed
1478,341,1521,81,placed
1479,420,73,17,placed
1480,1535,1848,30,fulfilled
1481,186,593,55,in delivery
1482,2000,706,90,in delivery
1483,2381,1826,34,placed
1484,1508,82,42,placed
1485,433,1108,67,in delivery
1486,323,1030,1,in delivery
1487,23,1604,47,in delivery
1488,448,1250,22,cancelled
1489,820,717,75,placed
1490,468,1869,59,in delivery
1492,1955,298,88,cancelled
1493,2494,914,52,fulfilled
1494,553,1073,18,placed
1495,2333,1432,53,placed
1496,1852,1591,71,cancelled
1497,2167,1351,50,in delivery
1498,1412,1238,4,cancelled
1499,739,1711,70,cancelled
1500,844,55,25,fulfilled
1501,89,1408,99,in delivery
1502,1735,65,17,cancelled
1503,974,131,60,in delivery
1504,580,782,50,cancelled
1505,2440,1197,43,in delivery
1506,425,868,91,in delivery
1507,1517,250,90,in delivery
1508,637,323,1,fulfilled
1509,1137,1186,7,cancelled
1510,1842,168,66,in delivery
1511,534,514,4,placed
1512,2084,1286,70,cancelled
1513,1867,931,38,placed
1514,1322,181,46,fulfilled
1515,1735,1323,83,cancelled
1516,1047,1671,23,cancelled
1517,1911,1381,40,in delivery
1518,1532,989,87,cancelled
1519,1307,1276,72,cancelled
1520,1485,450,39,in delivery
1521,1019,81,53,fulfilled
1522,969,1814,35,in delivery
1523,1730,1128,3,cancelled
1524,424,883,25,in delivery
1525,997,445,12,fulfilled
1526,1308,1593,9,placed
1527,2208,562,36,fulfilled
1528,2093,167,48,in delivery
1529,157,1148,50,cancelled
1530,1155,1957,67,in delivery
1531,2351,1236,82,fulfilled
1532,300,685,97,in delivery
1533,1770,496,10,cancelled
1534,324,231,25,placed
1535,2160,1054,8,cancelled
1536,1978,1303,56,placed
1537,392,1552,72,in delivery
1538,112,899,5,cancelled
1539,2028,1998,36,fulfilled
1540,1144,1761,2,cancelled
1541,639,50,44,placed
1542,1242,1207,26,in delivery
1543,375,1971,35,fulfilled
1544,855,380,26,in delivery
1545,1461,284,34,in delivery
1546,1195,1214,56,cancelled
1547,1600,1610,43,placed
1548,713,690,70,in delivery
1549,1233,870,15,fulfilled
1550,1992,1590,3,placed
1551,935,1510,8,cancelled
1552,682,1539,94,in delivery
1553,16,1122,53,placed
1554,1696,880,22,fulfilled
1555,747,692,34,placed
1556,781,334,79,in delivery
1557,2234,994,10,placed
1558,1709,1412,19,cancelled
1559,1974,1009,27,cancelled
1560,1156,1775,9,fulfilled
1561,2435,1794,14,fulfilled
1562,2480,614,88,placed
1563,2100,1679,67,in delivery
1564,2343,29,86,cancelled
1565,2158,163,31,fulfilled
1566,1638,1757,75,fulfilled
1567,1842,982,72,placed
1568,1038,537,10,in delivery
1569,2037,550,18,cancelled
1570,1796,1753,55,in delivery
1571,983,181,94,in delivery
1572,1213,1298,41,cancelled
1573,286,1224,38,cancelled
1574,274,1902,72,fulfilled
1575,1019,913,58,in delivery
1576,2064,777,34,placed
1577,690,892,39,placed
1578,2422,1705,92,cancelled
1579,2249,1334,83,placed
1580,1796,599,71,in delivery
1581,1962,1546,96,cancelled
1582,1747,1624,25,placed
1583,2293,748,14,cancelled
1584,406,157,48,placed
1585,2468,1151,7,fulfilled
1586,1627,1974,29,fulfilled
1587,1592,1610,43,placed
1588,1483,124,38,placed
1589,722,286,47,placed
1590,914,131,65,fulfilled
1591,179,751,76,fulfilled
1592,2365,1254,77,fulfilled
1593,2188,1555,90,fulfilled
1594,388,1133,37,placed
1595,1269,920,70,fulfilled
1596,525,1625,6,placed
1597,272,1533,11,fulfilled
1598,672,1840,8,placed
1599,1360,1194,19,fulfilled
1600,1269,1143,70,fulfilled
1601,1796,719,44,fulfilled
1602,2406,806,77,in delivery
1603,1017,1431,9,fulfilled
1604,1123,196,14,cancelled
1605,345,347,71,placed
1606,879,802,34,in delivery
1607,56,282,75,in delivery
1608,889,272,40,placed
1609,1473,1503,46,fulfilled
1610,1506,1849,68,fulfilled
1611,1917,671,66,in delivery
1612,1379,600,91,placed
1613,266,866,86,cancelled
1614,763,1942,48,placed
1615,1659,268,48,placed
1616,413,1691,6,fulfilled
1618,1397,201,27,cancelled
1619,260,1667,91,fulfilled
1620,953,486,26,fulfilled
1621,2483,348,79,cancelled
1622,1525,920,43,cancelled
1623,1032,902,13,fulfilled
1624,1819,213,11,in delivery
1626,634,1025,29,fulfilled
1627,1989,1866,3,placed
1628,413,1925,7,fulfilled
1629,2043,1455,95,cancelled
1630,164,661,85,fulfilled
1631,2423,1434,25,cancelled
1632,895,658,44,fulfilled
1633,1100,1413,6,cancelled
1634,1714,371,73,fulfilled
1635,715,1099,71,placed
1636,282,1296,99,in delivery
1637,404,226,33,fulfilled
1638,2051,1378,52,fulfilled
1639,289,6,49,in delivery
1640,1623,93,68,placed
1641,1783,697,30,placed
1642,1754,1467,71,fulfilled
1643,1423,1915,63,fulfilled
1644,2045,1989,42,fulfilled
1645,962,268,38,cancelled
1646,2093,1353,99,fulfilled
1647,1909,1209,36,in delivery
1648,1589,1207,45,cancelled
1649,1819,1714,88,cancelled
1650,1291,2,58,fulfilled
1651,1821,249,65,cancelled
1652,2364,1680,94,fulfilled
1653,773,62,14,placed
1654,1387,903,60,fulfilled
1655,103,1458,89,fulfilled
1656,1933,1811,14,cancelled
1657,2277,1400,0,placed
1658,444,117,81,cancelled
1659,1763,1945,8,cancelled
1660,2307,1867,94,placed
1661,1704,1184,26,fulfilled
1662,1429,1481,84,fulfilled
1663,739,802,55,in delivery
1664,1630,823,29,fulfilled
1665,235,1316,19,in delivery
1666,1775,1146,8,cancelled
1667,2100,305,2,placed
1668,736,616,89,in delivery
1669,2407,765,18,in delivery
1670,2420,1323,48,in delivery
1671,476,1620,78,fulfilled
1672,573,387,84,cancelled
1673,406,1276,63,in delivery
1674,1650,993,48,cancelled
1675,174,429,51,in delivery
1676,897,1932,68,cancelled
1677,987,655,100,cancelled
1678,1272,1487,99,placed
1679,1161,1784,8,fulfilled
1680,1068,295,41,fulfilled
1681,2354,1810,21,cancelled
1682,837,52,77,cancelled
1683,44,927,68,fulfilled
1684,216,1877,11,placed
1685,2324,525,82,fulfilled
1686,836,22,41,fulfilled
1687,1408,471,63,in delivery
1688,608,1330,60,cancelled
1689,2236,864,7,placed
1690,311,1318,34,in delivery
1691,618,1696,88,cancelled
1692,2488,752,61,in delivery
1693,1746,53,20,cancelled
1694,661,882,74,in delivery
1695,250,1799,49,cancelled
1696,7,216,27,in delivery
1697,298,1957,33,placed
1698,503,1688,32,in delivery
1699,487,863,50,fulfilled
1700,1858,1824,50,placed
1701,2354,1656,98,placed
1702,1398,133,0,cancelled
1703,1757,343,44,cancelled
1704,75,1439,34,cancelled
1705,1479,346,11,fulfilled
1706,2253,1375,94,in delivery
1707,2169,1045,18,placed
1708,671,1944,9,cancelled
1709,2338,1975,65,placed
1710,2019,716,66,fulfilled
1711,897,1914,42,in delivery
1712,187,52,65,placed
1713,1783,791,85,cancelled
1714,1282,763,20,fulfilled
1715,218,709,52,in delivery
1716,545,578,32,fulfilled
1717,1050,287,33,placed
1718,1330,1515,76,placed
1719,701,1197,1,fulfilled
1720,39,1391,14,fulfilled
1721,161,1337,67,cancelled
1722,789,1571,11,in delivery
1723,68,1904,13,placed
1724,1651,561,0,cancelled
1725,559,299,75,cancelled
1726,773,108,29,cancelled
1727,381,135,37,in delivery
1728,1341,1451,100,cancelled
1729,356,1170,84,fulfilled
1730,1179,794,37,cancelled
1731,1254,963,12,fulfilled
1732,2249,328,10,placed
1733,1091,719,32,cancelled
1734,1843,1298,68,in delivery
1735,1439,445,46,cancelled
1736,682,1959,98,fulfilled
1737,2227,1048,85,fulfilled
1738,1816,1593,94,placed
1739,402,922,76,fulfilled
1740,1477,619,53,placed
1741,1258,338,45,in delivery
1742,1092,1131,22,placed
1743,1861,279,4,fulfilled
1744,1529,1201,64,placed
1745,1881,828,32,fulfilled
1747,53,1274,24,fulfilled
1748,508,882,84,in delivery
1749,852,47,4,placed
1750,1090,375,67,in delivery
1751,446,1045,41,in delivery
1752,383,1244,89,fulfilled
1754,1285,1926,66,placed
1755,1889,1777,31,in delivery
1756,31,1646,32,fulfilled
1757,696,1003,96,placed
1758,537,178,84,cancelled
1759,1714,850,17,cancelled
1760,135,568,66,cancelled
1761,2218,968,59,placed
1763,1530,541,86,cancelled
1764,1183,992,13,cancelled
1765,1244,1883,65,placed
1766,620,283,43,fulfilled
1767,226,1478,69,fulfilled
1768,239,78,21,placed
1769,1063,318,76,in delivery
1770,365,1588,81,placed
1771,1400,1628,90,cancelled
1772,2007,1629,95,placed
1773,2169,14,82,placed
1774,1567,1501,91,cancelled
1775,112,1885,61,in delivery
1776,2091,223,94,cancelled
1777,2305,1444,38,fulfilled
1778,1281,1263,65,cancelled
1779,1391,1099,74,cancelled
1780,1173,1684,32,in delivery
1781,1641,1056,20,cancelled
1782,1154,1633,67,in delivery
1783,1029,99,77,cancelled
1784,44,1603,52,placed
1785,1148,91,1,cancelled
1786,1865,930,17,cancelled
1787,1246,1860,71,fulfilled
1788,752,89,53,cancelled
1789,854,950,16,fulfilled
1790,1427,286,36,placed
1791,2079,1985,12,placed
1792,1128,942,53,fulfilled
1793,1666,1930,36,placed
1794,1431,1619,66,cancelled
1795,1806,1070,8,placed
1796,847,1719,36,placed
1797,284,1615,30,placed
1798,1827,161,48,cancelled
1799,602,1914,9,in delivery
1800,140,811,7,cancelled
1801,44,1398,80,fulfilled
1802,1026,861,47,fulfilled
1803,368,142,72,cancelled
1804,953,729,72,fulfilled
1805,2431,1191,14,fulfilled
1806,1094,1371,96,in delivery
1807,2173,341,40,fulfilled
1808,215,1396,92,cancelled
1809,782,1677,95,cancelled
1810,1135,173,67,in delivery
1811,563,1730,39,cancelled
1812,1852,1889,17,placed
1813,1559,1992,15,in delivery
1814,1288,1021,34,placed
1815,4,1687,71,placed
1816,346,1930,34,in delivery
1817,2315,1276,62,in delivery
1818,2231,313,28,cancelled
1819,2053,120,30,in delivery
1820,1913,1619,84,placed
1821,1475,896,6,in delivery
1822,26,155,47,placed
1823,1306,1788,32,placed
1824,2145,265,32,fulfilled
1825,781,1907,43,fulfilled
1826,954,195,60,cancelled
1827,541,655,11,fulfilled
1828,48,812,63,placed
1829,734,138,88,placed
1830,790,1238,62,cancelled
1831,404,372,21,placed
1832,1540,1038,88,placed
1834,2342,455,86,placed
1835,1897,1922,18,in delivery
1836,1180,1836,0,in delivery
1838,961,1600,18,placed
1839,2330,1937,19,in delivery
1840,744,1233,15,cancelled
1841,648,1087,39,placed
1842,1882,712,91,fulfilled
1843,1642,1040,19,placed
1844,2413,447,20,cancelled
1845,234,55,44,placed
1846,1997,1371,30,fulfilled
1847,609,390,26,placed
1848,1733,1946,70,placed
1849,234,1912,91,fulfilled
1850,372,1078,64,in delivery
1851,1465,517,32,fulfilled
1852,1943,177,0,placed
1853,1413,868,71,placed
1854,1494,1600,57,fulfilled
1855,1139,327,42,in delivery
1856,2023,987,79,in delivery
1857,1291,747,48,placed
1858,131,592,72,cancelled
1860,150,1279,39,in delivery
1861,1969,1620,20,cancelled
1862,2017,55,79,in delivery
1863,2465,933,39,in delivery
1864,409,13,63,placed
1865,890,362,21,fulfilled
1866,1792,1245,65,placed
1867,2327,1604,51,fulfilled
1868,998,361,45,cancelled
1869,905,38,59,cancelled
1870,1672,1471,63,cancelled
1871,2332,308,27,cancelled
1872,1668,1355,70,fulfilled
1873,512,1972,94,in delivery
1874,840,537,34,cancelled
1875,2060,1924,15,in delivery
1876,2336,86,6,fulfilled
1877,2263,706,82,cancelled
1878,1780,711,47,cancelled
1879,2030,1109,50,fulfilled
1880,366,892,76,fulfilled
1881,891,681,19,in delivery
1882,2484,679,70,fulfilled
1883,2089,1284,14,fulfilled
1884,967,1198,20,fulfilled
1885,2198,373,23,in delivery
1886,1324,1350,73,cancelled
1887,1294,1324,71,placed
1888,1817,778,68,cancelled
1889,1289,136,96,in delivery
1890,1744,797,67,in delivery
1891,474,238,26,fulfilled
1892,2421,1223,41,in delivery
1893,1209,1826,87,fulfilled
1894,172,956,29,placed
1895,1530,726,42,fulfilled
1896,603,1213,62,fulfilled
1897,374,697,14,in delivery
1898,1412,663,22,fulfilled
1899,1255,1312,53,placed
1901,2008,888,92,fulfilled
1902,1633,342,48,placed
1903,268,1343,78,cancelled
1904,1909,864,6,fulfilled
1905,84,188,43,cancelled
1906,1295,190,11,fulfilled
1907,561,1140,26,fulfilled
1908,1160,1534,13,in delivery
1909,218,1286,65,in delivery
1910,370,998,17,in delivery
1911,2074,1843,34,in delivery
1912,821,1453,69,in delivery
1913,1840,1118,31,cancelled
1914,1026,157,28,fulfilled
1915,2097,1070,41,cancelled
1916,1205,122,56,fulfilled
1917,940,1125,77,cancelled
1918,1471,1522,7,placed
1919,1096,1157,45,placed
1920,161,779,7,cancelled
1921,587,822,28,placed
1922,2273,681,21,cancelled
1923,1547,62,12,fulfilled
1924,1426,362,93,cancelled
1925,494,354,41,placed
1926,1389,863,75,in delivery
1927,1732,1177,100,placed
1928,166,1260,87,placed
1929,1260,1456,63,placed
1930,657,1391,44,fulfilled
1931,715,382,66,fulfilled
1932,1212,1196,80,placed
1933,1119,895,67,fulfilled
1934,2320,1179,93,cancelled
1935,1197,612,65,fulfilled
1936,683,1709,60,cancelled
1937,425,1086,5,cancelled
1938,1077,1224,87,cancelled
1939,2340,365,80,cancelled
1940,2154,1954,50,placed
1941,2041,397,0,placed
1942,2340,565,16,cancelled
1943,1428,481,49,placed
1944,1593,1646,17,fulfilled
1945,874,296,8,placed
1946,181,636,97,cancelled
1947,2055,320,79,in delivery
1948,550,449,12,cancelled
1949,1296,1685,75,fulfilled
1950,1627,310,9,in delivery
1951,2150,495,30,fulfilled
1952,1828,1004,69,fulfilled
1953,1199,28,35,placed
1954,2210,232,90,placed
1955,513,1066,12,in delivery
1956,1963,561,28,fulfilled
1957,674,1944,96,placed
1958,1455,30,22,cancelled
1959,662,622,70,fulfilled
1960,15,985,24,in delivery
1961,2275,117,16,fulfilled
1962,1116,189,7,cancelled
1963,1490,1176,76,cancelled
1964,1805,616,59,placed
1965,222,1447,83,fulfilled
1966,1222,1989,27,placed
1967,2059,144,53,placed
1968,2466,1046,75,placed
1969,1851,902,84,fulfilled
1970,1432,1816,54,fulfilled
1971,2072,943,78,placed
1972,1700,447,33,placed
1973,2143,262,33,cancelled
1974,218,1792,5,placed
1975,4,649,0,in delivery
1976,2430,1179,78,in delivery
1977,299,460,72,cancelled
1978,43,1904,42,in delivery
1979,306,203,44,in delivery
1980,2479,212,66,fulfilled
1981,1684,2,76,in delivery
1982,2232,652,50,cancelled
1983,1789,528,94,fulfilled
1984,89,427,13,in delivery
1985,1844,1236,42,cancelled
1986,1073,577,10,fulfilled
1987,934,118,42,placed
1988,281,527,13,cancelled
1989,1550,318,95,cancelled
1990,816,705,25,placed
1991,370,1749,67,fulfilled
1992,110,561,17,placed
1993,109,1481,18,placed
1994,1007,130,40,fulfilled
1995,2488,1996,23,in delivery
1996,970,1289,59,placed
1997,619,247,37,placed
1998,1187,1172,6,placed
1999,492,1467,96,in delivery
2000,2500,2012,1,placed
2001,2500,2013,2,placed
2002,2500,2014,3,placed
2003,2500,2015,5,placed
2004,2500,2016,2,placed
2005,2500,2017,3,placed
2006,2500,2018,4,placed
2007,2500,2019,5,placed
2008,2500,2020,7,placed
2009,2500,2021,1,placed
2010,2500,2022,8,placed
2011,2501,2003,1,placed
2012,2501,2004,2,in delivery
2013,2501,2005,3,placed
2014,2501,2006,5,placed
2015,2501,2007,6,placed
2016,2501,2008,8,fulfilled
2017,2501,2009,9,placed
2018,2501,2010,2,placed
2019,2502,2011,3,fulfilled
2020,2503,2032,6,placed
2021,2503,2033,7,placed
2022,2502,2000,2,fulfilled
2023,2502,2001,1,fulfilled
2024,2503,2002,2,placed
2025,2503,2003,1,in delivery
2026,2504,2014,5,placed
2027,2504,2013,3,placed
2028,2504,2012,1,placed
2029,2504,2015,1,placed
2030,2504,1900,2,placed
2031,2504,1901,4,placed
